college_name,rank
Indian Institute of Technology Madras  ,1
"Indian Institute of Science, Bengaluru  ",2
Indian Institute of Technology Bombay  ,3
Indian Institute of Technology Delhi  ,4
Indian Institute of Technology Kanpur  ,5
Indian Institute of Technology Kharagpur  ,6
All India Institute of Medical Sciences Delhi  ,7
Indian Institute of Technology Roorkee  ,8
Indian Institute of Technology Guwahati  ,9
Jawaharlal Nehru University  ,10
Banaras Hindu University  ,11
Indian Institute of Technology Hyderabad  ,12
Jamia Millia Islamia  ,13
"Manipal Academy of Higher Education, Manipal  ",14
University of Delhi  ,15
Aligarh Muslim University  ,16
Jadavpur University  ,17
Amrita Vishwa Vidyapeetham  ,18
Vellore Institute of Technology  ,19
Anna University  ,20
S.R.M. Institute of Science and Technology  ,21
Saveetha Institute of Medical and Technical Sciences  ,22
"Birla Institute of Technology and Science, Pilani  ",23
Siksha 'O' Anusandhan  ,24
University of Hyderabad  ,25
Calcutta University  ,26
Homi Bhabha National Institute  ,27
Kalinga Institute of Industrial Technology  ,28
Indian Institute of Technology Gandhinagar  ,29
Indian Institute of Technology (Banaras Hindu University) Varanasi  ,30
National Institute of Technology Tiruchirappalli  ,31
Chandigarh University  ,32
Indian Institute of Technology Indore  ,33
National Institute of Technology Rourkela  ,34
Indian Institute of Technology (Indian School of Mines) Dhanbad  ,35
JSS Academy of Higher Education and Research  ,36
Savitribai Phule Pune University  ,37
Kerala University  ,38
Jawaharlal Institute of Post Graduate Medical Education and Research  ,39
Koneru Lakshmaiah Education Foundation University (K L College of Engineering)  ,40
Andhra University  ,41
Indian Institute of Science Education and Research Pune  ,42
Thapar Institute of Engineering and Technology (Deemed-to-be-university)  ,43
Bharathiar University  ,44
Lovely Professional University  ,45
"National Institute of Technology Karnataka, Surathkal  ",46
Shanmugha Arts Science Technology and Research Academy  ,47
Indian Institute of Technology Ropar  ,48
Amity University  ,49
Kalasalingam Academy of Research and Education  ,50
Cochin University of Science and Technology  ,51
Symbiosis International  ,52
National Institute of Technology Warangal  ,53
National Institute of Technology Calicut  ,54
Bharathidasan University  ,55
Institute of Chemical Technology  ,56
Gauhati University  ,57
Babasaheb Bhimrao Ambedkar University  ,58
UPES  ,59
Panjab University  ,60
Indian Institute of Science Education and Research Kolkata  ,61
Jamia Hamdard  ,62
Dr. D. Y. Patil Vidyapeeth  ,63
University of Madras  ,64
Indian Institute of Science Education and Research Mohali  ,65
Delhi Technological University  ,66
Mahatma Gandhi University  ,67
Indian Institute of Technology Jodhpur  ,68
University of Kashmir  ,69
Osmania University  ,70
Datta Meghe Institute of Higher Education and Research  ,71
Indian Institute of Technology Mandi  ,72
Indian Institute of Technology Patna  ,73
All India Institute of Medical Sciences Rishikesh  ,74
"Indian Statistical Institute, Kolkata  ",75
Alagappa University  ,76
Visvesvaraya National Institute of Technology Nagpur  ,77
Indian Institute of Science Education and Research Bhopal  ,78
Graphic Era University  ,79
Punjab Agricultural University  ,80
Sri Sivasubramaniya Nadar College of Engineering  ,81
Malaviya National Institute of Technology  ,82
All India Institute of Medical Sciences Jodhpur  ,83
SVKM's Narsee Monjee Institute of Management Studies  ,84
Sathyabama Institute of Science and Technology  ,85
Mysore University  ,86
University of Jammu  ,87
King George's Medical University  ,88
Shoolini University of Biotechnology and Management Sciences  ,89
Christ University  ,90
Bharath Institute of Higher Education and Research  ,91
National Institute of Technology Silchar  ,92
National Institute of Technology Durgapur  ,93
Gujarat University  ,94
Shiv Nadar University  ,95
Sri Ramachandra Institute of Higher Education and Research  ,96
Acharya Nagarjuna University  ,97
Tata Institute of Social Sciences  ,98
All India Institute of Medical Sciences Patna  ,99
Periyar University  ,100
Ashoka University  ,101
"Assam University, Silchar  ",102
Banasthali Vidyapith  ,103
Bangalore University  ,104
Bharati Vidyapeeth  ,105
Birla Institute of Technology  ,106
Calicut University  ,107
Central University of Punjab  ,108
Central University of Tamil Nadu  ,109
Chaudhary Charan Singh Haryana Agricultural University  ,110
Chettinad Academy of Research and Education  ,111
Chitkara University  ,112
Dibrugarh University  ,113
Dr. B R Ambedkar National Institute of Technology Jalandhar  ,114
G.B. Pant Universtiy of Agriculture and Technology  ,115
Guru Gobind Singh Indraprastha University  ,116
"Indian Institute of Engineering Science and Technology, Shibpur  ",117
Indian Institute of Space Science and Technology  ,118
Indian Institute of Technology Bhubaneswar  ,119
Indian Institute of Technology Palakkad  ,120
Indian Institute of Technology Tirupati  ,121
International Institute of Information Technology Hyderabad  ,122
"Jain University, Bangalore  ",123
M. S. Ramaiah Institute of Technology  ,124
Madan Mohan Malaviya University of Technology  ,125
Madurai Kamaraj University  ,126
Maharishi Markandeshwar (Deemed to be University)  ,127
Manav Rachna International Institute of Research and Studies  ,128
"Manipal University, Jaipur  ",129
"Manonmaniam Sundaranar University, Tirunelveli  ",130
Mizoram University  ,131
Mumbai University  ,132
National Institute of Technology Patna  ,133
National Institute of Technology Raipur  ,134
National Institute of Technology Srinagar  ,135
Netaji Subhas University of Technology (NSUT)  ,136
NITTE  ,137
Pondicherry University  ,138
PSG College of Technology  ,139
Sant Longowal Institute of Engineering and Technology  ,140
Sharda University  ,141
Sri Balaji Vidyapeeth Mahatma Gandhi Medical College  ,142
Sri Venkateswara University  ,143
Tamil Nadu Agricultural University  ,144
Tezpur University  ,145
University College of Medical Sciences  ,146
University of Agricultural Sciences  ,147
"Vignan's Foundation for Science, Technology and Research  ",148
Visvesvaraya Technological University  ,149
Yenepoya University  ,150
Acharya N G Ranga Agricultural University  ,151
Amity University  ,152
"Amity University Haryana, Gurgaon  ",153
Annamalai University  ,154
Avinashilingam Institute for Home Science and Higher Education for Women  ,155
BLDE  ,156
"C.V. Raman Global University, Odisha  ",157
Central University of Kerala  ,158
"Chandigarh Engineering College-CGC, Landran, Mohali  ",159
Chennai Institute of Technology  ,160
COEP Technological University  ,161
Dr. M. G. R. Educational and Research Institute  ,162
Dr. Y.S. Parmar University of Horticulture and Forestry  ,163
G. L. A. University  ,164
Galgotias University  ,165
Gandhi Institute of Technology and Management  ,166
Hindustan Institute of Technology and Science (HITS)  ,167
Indian Institute of Science Education and Research Thiruvananthapuram  ,168
Integral University  ,169
"Kalinga University, Raipur  ",170
Kalyani University  ,171
Karunya Institute of Technology and Sciences  ,172
KLE Academy of Higher Education and Research  ,173
KPR Institute of Engineering and Technology  ,174
Krishna Vishwa Vidyapeeth  ,175
Maharshi Dayanand University  ,176
Mangalore University  ,177
Manipur University  ,178
Maulana Azad National Institute of Technology  ,179
Mepco Schlenk Engineering College  ,180
Motilal Nehru National Institute of Technology  ,181
National Institute of Technology Kurukshetra  ,182
"NIMS University, Jaipur  ",183
Noida Institute of Engineering & Technology  ,184
North Eastern Hill University  ,185
Odisha University of Agriculture and Technology  ,186
"Padmashree Dr. D. Y. Patil Vidyapeeth, Mumbai  ",187
Presidency University  ,188
PSG Institute of Medical Sciences and Research  ,189
Rajalakshmi Engineering College  ,190
Sawai Man Singh Medical College  ,191
SR University  ,192
Sri Krishna College of Engineering and Technology  ,193
Suresh Gyan Vihar University  ,194
University of Burdwan  ,195
University of Lucknow  ,196
Utkal University  ,197
Vel Tech Rangarajan Dr. Sagunthala R & D Institute of Science and Technology  ,198
Vels Institute of Science Technology and Advanced Studies (VISTAS)  ,199
Visva Bharati  ,200
